
-- Limpar dados existentes (opcional, remova se quiser manter o que já tem no Supabase)
-- DELETE FROM events;
-- DELETE FROM leaders;
-- DELETE FROM departments;

-- Inserir Departamentos
INSERT INTO departments (id, name) VALUES 
(1, 'Campo'),
(2, 'Ensino/EBD'),
(3, 'Jovens'),
(4, 'Adolescentes'),
(5, 'Infantil'),
(6, 'Mulheres'),
(8, 'Família'),
(9, 'Missão'),
(10, 'Evangelismo'),
(11, 'Ação Social'),
(12, 'Melhor Idade'),
(13, 'Discipulado'),
(14, 'Multimídia'),
(15, 'Louvor'),
(16, 'Eventos'),
(17, 'Obras'),
(29, 'Homens'),
(30, 'Intercessão')
ON CONFLICT (id) DO UPDATE SET name = EXCLUDED.name;

-- Ajustar o sequencial de IDs de departamentos
SELECT setval(pg_get_serial_sequence('departments', 'id'), coalesce(max(id), 1)) FROM departments;

-- Inserir Líderes
INSERT INTO leaders (id, name, department_id, phone, role, status) VALUES 
(1, 'Adaline', 13, '', 'Líder', 'Ativo'),
(3, 'Adriele Vieira', 3, '', 'Líder', 'Ativo'),
(4, 'Alex Marinho', 12, '', 'Líder', 'Ativo'),
(5, 'Ana Maria', 12, '', 'Líder', 'Ativo'),
(6, 'André Fonseca', 2, '', 'Líder', 'Ativo'),
(7, 'Anete Cabral', 11, '', 'Líder', 'Ativo'),
(8, 'Comissão de Ética', 1, '', 'Comissão', 'Ativo'),
(9, 'Daiana Freitas', 4, '', 'Líder', 'Ativo'),
(10, 'Darlan Marcel', 17, '', 'Líder', 'Ativo'),
(11, 'Diana Passos', 14, '', 'Líder', 'Ativo'),
(12, 'Diretoria', 1, '', 'Diretoria', 'Ativo'),
(13, 'Edilene Glória', 16, '', 'Líder', 'Ativo'),
(14, 'Edilma Portugal', 8, '', 'Líder', 'Ativo'),
(15, 'Edilton Barreto', 2, '', 'Superintendente', 'Ativo'),
(16, 'Ediney Moreira', 10, '', 'Líder', 'Ativo'),
(17, 'Elaine Barreto', 5, '', 'Líder', 'Ativo'),
(18, 'Eliana Mendes', 6, '', 'Líder', 'Ativo'),
(19, 'Elisamar Moreira', 11, '', 'Líder', 'Ativo'),
(20, 'Everton Menezes', 4, '', 'Líder', 'Ativo'),
(21, 'Ezenilde Mendes Conceição', 4, '', 'Líder', 'Ativo'),
(22, 'Fernando Campos', 2, '', 'Líder', 'Ativo'),
(23, 'Fábio Barreto', 2, '', 'Superintendente', 'Ativo'),
(24, 'Gabriel Oliveira', 17, '', 'Líder', 'Ativo'),
(25, 'Hebert Menezes', 13, '', 'Líder', 'Ativo'),
(26, 'Hermenegildo Portugal', 8, '', 'Líder', 'Ativo'),
(27, 'Jean Carvalho', 10, '', 'Líder', 'Ativo'),
(28, 'Jeferson Santos', 14, '', 'Líder', 'Ativo'),
(29, 'João Victor', 14, '', 'Líder', 'Ativo'),
(30, 'Juciara Moreira', 6, '', 'Líder', 'Ativo'),
(31, 'Jucileia Barreto', 4, '', 'Líder', 'Ativo'),
(32, 'Jucilene Pereira', 12, '', 'Líder', 'Ativo'),
(33, 'Jucimar', 13, '', 'Líder', 'Ativo'),
(34, 'Kaio', 14, '', 'Líder', 'Ativo'),
(35, 'Laiana Caldas', 5, '', 'Coordenadora', 'Ativo'),
(36, 'Larissa Menezes', 13, '', 'Líder', 'Ativo'),
(37, 'Lismar Divino', 12, '', 'Líder', 'Ativo'),
(38, 'Léa Fernandes', 3, '', 'Líder', 'Ativo'),
(39, 'Gabriel Oliveira', 17, '', 'Líder', 'Ativo'),
(40, 'Maria da Lapa', 6, '', 'Líder', 'Ativo'),
(41, 'Neuraci Souza', 11, '', 'Líder', 'Ativo'),
(42, 'Pastor Presidente', 1, '', 'Pastor', 'Ativo'),
(43, 'Paula Marinho', 12, '', 'Líder', 'Ativo'),
(44, 'Pb. Aislan Bastos', 3, '', 'Co-Pastor', 'Ativo'),
(45, 'Pr. Felipe Carvalho das Viagens', 1, '', 'Pastor', 'Ativo'),
(46, 'Pr. Jonas Azevedo', 1, '', 'Co-Pastor', 'Ativo'),
(47, 'Rafaela Santos', 16, '', 'Líder', 'Ativo'),
(48, 'Rejane Reis', 3, '', 'Líder', 'Ativo'),
(49, 'Robson Sacramento', 4, '', 'Líder', 'Ativo'),
(50, 'Rogério Assunção', 10, '', 'Líder', 'Ativo'),
(51, 'Rose Brito', 15, '', 'Líder', 'Ativo'),
(52, 'Rosângela Souza', 6, '', 'Líder', 'Ativo'),
(53, 'Samuel Azevedo', 9, '', 'Líder', 'Ativo'),
(54, 'Talmon Vieira', 3, '', 'Líder', 'Ativo'),
(55, 'Gabriel Oliveira', 29, '', 'Líder', 'Ativo'),
(56, 'Darlan Marcel', 29, '', 'Líder', 'Ativo'),
(57, 'Ezenildes Mendes', 30, '', 'Líder', 'Ativo')
ON CONFLICT (id) DO UPDATE SET 
    name = EXCLUDED.name, 
    department_id = EXCLUDED.department_id, 
    phone = EXCLUDED.phone, 
    role = EXCLUDED.role, 
    status = EXCLUDED.status;

-- Ajustar o sequencial de IDs de líderes
SELECT setval(pg_get_serial_sequence('leaders', 'id'), coalesce(max(id), 1)) FROM leaders;

-- Inserir Eventos
INSERT INTO events (id, title, date, time, location, department_id, status, type, description) VALUES 
(2, 'REUNIÃO MINISTÉRIAL', '2026-02-06', '19:00', 'TEMPLO CENTRAL', 1, 'Aprovado', 'Interno', ''),
(3, 'REUNIÃO DE LÍDERES DO DEPIN', '2026-02-21', '19:00', 'TEMPLO CENTRAL', 5, 'Aprovado', 'Interno', ''),
(4, 'CÍRCULO DE ORAÇÃO JOVENS', '2026-02-21', '09:00', 'TEMPLO CENTRAL', 3, 'Aprovado', 'Interno', ''),
(5, 'PROFOLI', '2026-02-28', '16:00', 'TEMPLO CENTRAL', 2, 'Aprovado', 'Interno', ''),
(6, 'REUNIÃO DE SUPERINTENDENTES', '2026-03-05', '19:00', 'TEMPLO CENTRAL', 1, 'Aprovado', 'Interno', ''),
(7, 'CONFERENCIA MERGULHAR - MULHERES', '2026-10-17', '18:00', 'TEMPLO CENTRAL', 6, 'Aprovado', 'Interno', ''),
(8, 'CULTO INTEGRADO TEENS', '2026-03-20', '18:00', 'A DEFINIR', 4, 'Aprovado', 'Interno', ''),
(9, 'CÍRCULO DE ORAÇÃO JOVENS', '2026-03-21', '09:00', 'TEMPLO CENTRAL', 3, 'Aprovado', 'Interno', ''),
(10, 'PROFOLI', '2026-03-28', '16:00', 'TEMPLO CENTRAL', 1, 'Aprovado', 'Interno', ''),
(11, 'VIGÍLIA COM JOVENS', '2026-04-02', '21:00', 'TEMPLO CENTRAL', 3, 'Aprovado', 'Interno', ''),
(12, 'CRUZADA EVANGELÍSTICA', '2026-04-11', '15:00', 'TEMPLO CENTRAL', 10, 'Aprovado', 'Interno', ''),
(13, 'REUNIÃO CONSELHO MINISTERIAL', '2026-04-16', '19:00', 'TEMPLO CENTRAL', 1, 'Aprovado', 'Interno', ''),
(14, 'TRILHA JOVEM', '2026-04-18', '09:00', 'A DEFINIR', 3, 'Aprovado', 'Interno', ''),
(15, 'PROFOLI', '2026-04-25', '16:00', 'TEMPLO CENTRAL', 2, 'Aprovado', 'Interno', ''),
(16, 'REUNIÃO DE MEMBROS', '2026-04-30', '19:00', 'TEMPLO CENTRAL', 1, 'Aprovado', 'Interno', ''),
(17, 'REUNIÃO DE SUPERINTENDENTES', '2026-05-07', '19:00', 'TEMPLO CENTRAL', 1, 'Aprovado', 'Interno', ''),
(18, 'CONFERENCIA MERGULHAR - ADOLECENTES', '2026-05-09', '18:00', 'TEMPLO CENTRAL', 1, 'Aprovado', 'Interno', ''),
(19, 'DIA DAS MÃES EM TODAS AS IGREJAS', '2026-05-10', '18:00', 'TODAS AS IGREJAS', 8, 'Aprovado', 'Interno', ''),
(20, '1º ENCONTRO DE FAMÍLIAS 2026', '2026-05-13', '19:00', 'TEMPLO CENTRAL', 8, 'Aprovado', 'Interno', ''),
(21, 'ENCONTRO DE HOMENS', '2026-05-16', '19:00', 'TEMPLO CENTRAL', 29, 'Aprovado', 'Interno', ''),
(22, 'CULTO INTEGRADO JOVENS', '2026-05-23', '18:00', 'TEMPLO CENTRAL', 3, 'Aprovado', 'Interno', ''),
(23, 'BATISMO', '2026-05-24', '13:00', 'A DEFINIR', 1, 'Aprovado', 'Interno', ''),
(24, 'PROFOLI', '2026-05-30', '16:00', 'TEMPLO CENTRAL', 2, 'Aprovado', 'Interno', ''),
(25, 'ANIVERSÁRIO DO PRESIDENTE', '2026-06-09', '19:00', 'TEMPLO CENTRAL', 1, 'Aprovado', 'Interno', ''),
(26, 'CRUZADA EVANGELÍSTICA', '2026-06-13', '15:00', 'TEMPLO CENTRAL', 10, 'Aprovado', 'Interno', ''),
(27, 'REUNIÃO CONSELHO MINISTERIAL', '2026-06-19', '19:00', 'TEMPLO CENTRAL', 1, 'Aprovado', 'Interno', ''),
(28, 'PROFOLI', '2026-06-27', '16:00', 'TEMPLO CENTRAL', 2, 'Aprovado', 'Interno', ''),
(29, 'CONFERENCIA MERGULHAR - HOMENS', '2026-07-11', '18:00', 'TEMPLO CENTRAL', 29, 'Aprovado', 'Interno', ''),
(30, 'REUNIÃO DE SUPERINTENDES', '2026-07-16', '19:00', 'TEMPLO CENTRAL', 1, 'Aprovado', 'Interno', ''),
(31, 'PROFOLI', '2026-07-25', '16:00', 'TEMPLO CENTRAL', 2, 'Aprovado', 'Interno', ''),
(32, 'REUNIÃO DE MEMBROS', '2026-07-30', '19:00', 'TEMPLO CENTRAL', 1, 'Aprovado', 'Interno', ''),
(33, 'ANIVERSÁRIO DO GRUPO ATALAIA DE DEUS', '2026-08-01', '18:00', 'TEMPLO CENTRAL', 15, 'Aprovado', 'Interno', ''),
(34, 'ANIVERSÁRIO DO GRUPO ATALAIA DE DEUS', '2026-08-02', '18:00', 'TEMPLO CENTRAL', 15, 'Aprovado', 'Interno', ''),
(35, 'CRUZADA EVANGELÍSTICA', '2026-08-08', '15:00', 'TEMPLO CENTRAL', 10, 'Aprovado', 'Interno', ''),
(36, 'DIA DOS PAIS EM TODAS AS IGREJAS', '2026-08-09', '18:00', 'TODAS AS IGREJAS', 29, 'Aprovado', 'Interno', ''),
(37, 'REUNIÃO CONSELHO MINISTERIAL', '2026-08-13', '19:00', 'TEMPLO CENTRAL', 1, 'Aprovado', 'Interno', ''),
(38, 'PALESTRA JOVENS', '2026-08-15', '18:00', 'TEMPLO CENTRAL', 3, 'Aprovado', 'Interno', ''),
(39, 'ANIVERSÁRIO DOS LOUVORES DOS REMIDOS', '2026-08-21', '19:00', 'TEMPO CENTRAL', 15, 'Aprovado', 'Interno', ''),
(40, 'ANIVERSÁRIO DOS LOUVORES DOS REMIDOS', '2026-08-22', '19:00', 'TEMPO CENTRAL', 15, 'Aprovado', 'Interno', ''),
(41, 'ANIVERSÁRIO DOS LOUVORES DOS REMIDOS', '2026-08-23', '18:00', 'TEMPO CENTRAL', 15, 'Aprovado', 'Interno', ''),
(42, 'PROFOLI', '2026-08-29', '16:00', 'TEMPLO CENTRAL', 2, 'Aprovado', 'Interno', ''),
(43, 'PALESTRA PARA HOMENS', '2026-09-05', '18:00', 'TEMPLO CENTRAL', 29, 'Aprovado', 'Interno', ''),
(44, 'CONFERENCIA MERGULHAR - JOVENS', '2026-09-12', '18:00', 'TEMPLO CENTRAL', 3, 'Aprovado', 'Interno', ''),
(45, 'REUNIÃO SUPERINTENDENTES', '2026-09-17', '19:00', 'TEMPLO CENTRAL', 1, 'Aprovado', 'Interno', ''),
(46, '2º ENCONTRO DE FAMÍLIAS 2026', '2026-09-19', '19:00', 'TEMPLO CENTRAL', 8, 'Aprovado', 'Interno', ''),
(47, 'PROFOLI', '2026-09-26', '16:00', 'TEMPLO CENTRAL', 2, 'Aprovado', 'Interno', ''),
(48, 'ÚLTIMO CULTO INTEGRADO DE ADOLECENTES DE 2026', '2026-10-03', '18:00', 'TEMPLO CENTRAL', 4, 'Aprovado', 'Interno', ''),
(49, 'REUNIÃO DE MEMBROS', '2026-10-08', '19:00', 'TEMPLO CENTRAL', 1, 'Aprovado', 'Interno', ''),
(50, 'OUTUBRO ROSA MULHERES', '2026-10-10', '18:00', 'TEMPLO CENTRAL', 6, 'Aprovado', 'Interno', ''),
(51, 'CRUZADA EVANGELÍSTICA', '2026-10-17', '15:00', 'TEMPLO CENTRAL', 10, 'Aprovado', 'Interno', ''),
(52, 'REUNIÃO CONSELHO MINISTERIAL', '2026-10-22', '19:00', 'TEMPLO CENTRAL', 1, 'Aprovado', 'Interno', ''),
(53, 'LUAU JOVENS', '2026-10-24', '14:00', 'TEMPLO CENTRAL', 3, 'Aprovado', 'Interno', ''),
(54, 'PROFOLI', '2026-10-31', '16:00', 'TEMPLO CENTRAL', 2, 'Aprovado', 'Interno', ''),
(55, 'CULTO INTEGRADO DE JOVENS', '2026-11-07', '18:00', 'TEMPLO CENTRAL', 3, 'Aprovado', 'Interno', ''),
(56, 'CONFERENCIA MISSIONÁRIA', '2026-11-14', '18:00', 'TEMPLO CENTRAL', 9, 'Aprovado', 'Interno', ''),
(57, 'VIAGEM DE CAISAIS', '2026-11-20', '06:00', 'A DEFINIR', 8, 'Aprovado', 'Interno', ''),
(58, 'VIAGEM DE CAISAIS', '2026-11-21', '06:00', 'A DEFINIR', 8, 'Aprovado', 'Interno', ''),
(59, 'VIAGEM DE CAISAIS', '2026-11-22', '06:00', 'A DEFINIR', 8, 'Aprovado', 'Interno', ''),
(60, 'PROFOLI', '2026-11-28', '16:00', 'TEMPLO CENTRAL', 2, 'Aprovado', 'Interno', ''),
(61, 'BATISMO', '2026-11-29', '13:00', 'A DEFINIR', 1, 'Aprovado', 'Interno', ''),
(62, 'AGO - ASSEMBLÉIA GERAL ORDINÁRIA', '2026-12-10', '19:00', 'TEMPLO CENTRAL', 1, 'Aprovado', 'Interno', ''),
(63, 'CONFRATERNIZAÇÃO DE OBREIROS E ESPOSAS', '2026-12-12', '18:00', 'TEMPLO CENTRAL', 1, 'Aprovado', 'Interno', ''),
(64, 'Feriado: Confraternização Universal', '2026-01-01', '00:00', 'Nacional', null, 'Aprovado', 'Feriado', 'Feriado Nacional'),
(65, 'Ponto Facultativo: Carnaval', '2026-02-16', '00:00', 'Nacional', null, 'Aprovado', 'Feriado', 'Feriado Nacional'),
(66, 'Feriado: Terça-feira de Carnaval', '2026-02-17', '00:00', 'Nacional', null, 'Aprovado', 'Feriado', 'Feriado Nacional'),
(67, 'Ponto Facultativo: Quarta-feira de Cinzas', '2026-02-18', '00:00', 'Brasil', null, 'Aprovado', 'Feriado', 'Feriado Nacional'),
(68, 'Feriado: Sexta-feira Santa', '2026-04-03', '00:00', 'Nacional', null, 'Aprovado', 'Feriado', 'Feriado Nacional'),
(69, 'Feriado: Tiradentes', '2026-04-21', '00:00', 'Nacional', null, 'Aprovado', 'Feriado', 'Feriado Nacional'),
(70, 'Feriado: Dia do Trabalhador', '2026-05-01', '00:00', 'Nacional', null, 'Aprovado', 'Feriado', 'Feriado Nacional'),
(71, 'Feriado: Corpus Christi', '2026-06-04', '00:00', 'Nacional', null, 'Aprovado', 'Feriado', 'Feriado Nacional'),
(72, 'Feriado: Independência do Brasil', '2026-09-07', '00:00', 'Nacional', null, 'Aprovado', 'Feriado', 'Feriado Nacional'),
(73, 'Feriado: Nossa Senhora Aparecida', '2026-10-12', '00:00', 'Nacional', null, 'Aprovado', 'Feriado', 'Feriado Nacional'),
(74, 'Feriado: Finados', '2026-11-02', '00:00', 'Nacional', null, 'Aprovado', 'Feriado', 'Feriado Nacional'),
(75, 'Feriado: Proclamação da República', '2026-11-15', '00:00', 'Nacional', null, 'Aprovado', 'Feriado', 'Feriado Nacional'),
(76, 'Feriado: Dia da Consciência Negra', '2026-11-20', '00:00', 'Nacional', null, 'Aprovado', 'Feriado', 'Feriado Nacional'),
(77, 'Feriado: Natal', '2026-12-25', '00:00', 'Nacional', null, 'Aprovado', 'Feriado', 'Feriado Nacional'),
(78, 'Dia Mundial da Paz', '2026-01-01', '00:00', 'Mundial', null, 'Aprovado', 'Comemorativo', 'Data Comemorativa'),
(79, 'Dia Mundial de Luta Contra o Câncer', '2026-02-04', '00:00', 'Mundial', null, 'Aprovado', 'Comemorativo', 'Data Comemorativa'),
(80, 'Dia Internacional da Mulher', '2026-03-08', '00:00', 'Mundial', null, 'Aprovado', 'Comemorativo', 'Data Comemorativa'),
(81, 'Dia Mundial da Água', '2026-03-22', '00:00', 'Mundial', null, 'Aprovado', 'Comemorativo', 'Data Comemorativa'),
(82, 'Dia da Reforma Protestante', '2026-10-31', '00:00', 'Mundial', null, 'Aprovado', 'Comemorativo', 'Data Comemorativa'),
(83, 'Dia do Pastor', '2026-06-14', '00:00', 'Local', null, 'Aprovado', 'Comemorativo', 'Comemorativo'),
(84, 'Dia da Bíblia', '2026-12-13', '00:00', 'Local', null, 'Aprovado', 'Comemorativo', 'Comemorativo'),
(85, 'CULTO DE FAMÍLIA', '2026-03-15', '18:00', 'TEMPLO CENTRAL', 8, 'Aprovado', 'Interno', NULL),
(86, 'CULTO DE FAMÍLIA', '2026-04-26', '18:00', 'TEMPLO CENTRAL', 8, 'Aprovado', 'Interno', NULL),
(87, 'CULTO DE FAMÍLIA', '2026-05-10', '18:00', 'TEMPLO CENTRAL', 8, 'Aprovado', 'Interno', NULL),
(88, 'CULTO DE FAMÍLIA', '2026-06-21', '18:00', 'TEMPLO CENTRAL', 8, 'Aprovado', 'Interno', NULL),
(89, 'CULTO DE FAMÍLIA', '2026-07-19', '18:00', 'TEMPLO CENTRAL', 8, 'Aprovado', 'Interno', NULL),
(90, 'CULTO DE FAMÍLIA', '2026-08-09', '18:00', 'TEMPLO CENTRAL', 8, 'Aprovado', 'Interno', NULL),
(91, 'CULTO DE FAMÍLIA', '2026-09-20', '18:00', 'TEMPLO CENTRAL', 8, 'Aprovado', 'Interno', NULL),
(92, 'CULTO DE FAMÍLIA', '2026-10-18', '18:00', 'TEMPLO CENTRAL', 8, 'Aprovado', 'Interno', NULL),
(93, 'CULTO DE FAMÍLIA', '2026-11-15', '18:00', 'TEMPLO CENTRAL', 8, 'Aprovado', 'Interno', NULL),
(94, 'CULTO ESPECIAL PARA AS MULHERES (ENCONTRO DE PÉROLAS)', '2026-03-14', '18:00', 'Templo Central', 6, 'Aprovado', 'Interno', '')
ON CONFLICT (id) DO UPDATE SET 
    title = EXCLUDED.title, 
    date = EXCLUDED.date, 
    time = EXCLUDED.time, 
    location = EXCLUDED.location, 
    department_id = EXCLUDED.department_id, 
    status = EXCLUDED.status, 
    type = EXCLUDED.type, 
    description = EXCLUDED.description;

-- Ajustar o sequencial de IDs de eventos
SELECT setval(pg_get_serial_sequence('events', 'id'), coalesce(max(id), 1)) FROM events;
